{
  "codeSystems" : [
    {
      "url" : "https://fhir.ee/ValueSet/occupation",
      "version" : "0.2.2",
      "status" : "active",
      "name" : "EEOccupation",
      "title" : "Occupation",
      "description" : "Classification of Occupations",
      "systems" : ["https://fhir.ee/CodeSystem/occupation"],
      "uses" : {
      },
      "StructureDefinition-ee-health-certificate-occupational-employment.html" : "Töötervishoiu tervisetõendi patsiendi töötamine"
    },
    {
      "url" : "https://fhir.ee/hcert/ValueSet/ee-health-certificate-driver-category",
      "version" : "1.0.0",
      "status" : "active",
      "name" : "EEHealthCertificateDriverCategoryVS",
      "title" : "Mootosõidukijuhi tervisetõend kasutusala",
      "description" : "Tervisetõend kasutusala mis on mõeldud kasutamiseks mootosõidukijuhi tervisetõendis",
      "systems" : ["https://fhir.ee/CodeSystem/tervisekontrolli-kasutusala"],
      "uses" : {
      },
      "StructureDefinition-ee-health-certificate-driver.html" : "Mootosõidukijuhi tervisetõend"
    },
    {
      "url" : "https://fhir.ee/hcert/ValueSet/ee-health-certificate-status",
      "version" : "1.0.0",
      "status" : "active",
      "name" : "EEHealthCertificateStatusVS",
      "title" : "Tervisetõendi staatus",
      "description" : "Staatuste loend millega opereerib HCERT teenus",
      "systems" : ["http://hl7.org/fhir/composition-status"],
      "uses" : {
      },
      "StructureDefinition-ee-health-certificate.html" : "Tervisetõend"
    }
  ]
}
