{"resourceType":"ValueSet","id":"ee-health-certificate-driver-category","text":{"status":"generated","div":"<div xmlns=\"http://www.w3.org/1999/xhtml\"><p class=\"res-header-id\"><b>Generated Narrative: ValueSet ee-health-certificate-driver-category</b></p><a name=\"ee-health-certificate-driver-category\"> </a><a name=\"hcee-health-certificate-driver-category\"> </a><ul><li>Include these codes as defined in <code>https://fhir.ee/CodeSystem/labivaatuse-tyyp</code><span title=\"Version is not explicitly stated. No matching Code System found\"> version Not Stated (use latest from terminology server)</span><table class=\"none\"><tr><td style=\"white-space:nowrap\"><b>Code</b></td><td><b>Display</b></td></tr><tr><td>driver-group-I</td><td/></tr><tr><td>driver-group-II</td><td/></tr></table></li></ul></div>"},"url":"https://fhir.ee/hcert/ValueSet/ee-health-certificate-driver-category","version":"1.0.0","name":"EEHealthCertificateDriverCategoryVS","title":"Mootosõidukijuhi tervisetõend kasutusala","status":"active","experimental":false,"date":"2026-01-13T14:26:25+00:00","publisher":"TEHIK","contact":[{"name":"TEHIK","telecom":[{"system":"url","value":"https://tehik.ee"},{"system":"email","value":"abi@tehik.ee"}]}],"description":"Tervisetõendi kasutusala mis on mõeldud kasutamiseks mootosõidukijuhi tervisetõendis","jurisdiction":[{"coding":[{"system":"urn:iso:std:iso:3166","code":"EE","display":"Estonia"}]}],"compose":{"include":[{"system":"https://fhir.ee/CodeSystem/labivaatuse-tyyp","concept":[{"code":"driver-group-I"},{"code":"driver-group-II"}]}]}}