{
  "resourceType" : "Bundle",
  "id" : "5f436939-ce33-4f44-893b-cdc5220fa42d",
  "meta" : {
    "lastUpdated" : "2025-05-12T11:47:18.728+00:00"
  },
  "type" : "collection",
  "entry" : [{
    "fullUrl" : "https://fhir.ee/hcert/ValueSet/ee-health-certificate-status",
    "resource" : {
      "resourceType" : "ValueSet",
      "text" : {
        "status" : "generated",
        "div" : "<div xmlns=\"http://www.w3.org/1999/xhtml\"><p class=\"res-header-id\"><b>ValueSet </b></p><p style=\"border: black 1px dotted; background-color: #EEEEEE; padding: 8px; margin-bottom: 8px\">Expansion performed internally based on <a href=\"http://hl7.org/fhir/R5/codesystem-composition-status.html\">codesystem Composition Status v5.0.0 (CodeSystem)</a></p><p>This value set contains 4 concepts</p><table class=\"codes\"><tr><td style=\"white-space:nowrap\"><b>Code</b></td><td><b>System</b></td><td><b>Display (en-US)</b></td><td><b>Definition</b></td></tr><tr><td style=\"white-space:nowrap\"><a name=\"x-http://hl7.org/fhir/composition-status-preliminary\"> </a>\u00a0\u00a0<a href=\"http://hl7.org/fhir/R5/codesystem-composition-status.html#composition-status-preliminary\">preliminary</a></td><td>http://hl7.org/fhir/composition-status</td><td>Preliminary</td><td><div><p>Verified early results are available, but not all results are final.</p>\n</div></td></tr><tr><td style=\"white-space:nowrap\"><a name=\"x-http://hl7.org/fhir/composition-status-final\"> </a>\u00a0\u00a0<a href=\"http://hl7.org/fhir/R5/codesystem-composition-status.html#composition-status-final\">final</a></td><td>http://hl7.org/fhir/composition-status</td><td>Final</td><td><div><p>This version of the composition is complete and verified by an appropriate person and no further work is planned. Any subsequent updates would be on a new version of the composition.</p>\n</div></td></tr><tr><td style=\"white-space:nowrap\"><a name=\"x-http://hl7.org/fhir/composition-status-cancelled\"> </a>\u00a0\u00a0<a href=\"http://hl7.org/fhir/R5/codesystem-composition-status.html#composition-status-cancelled\">cancelled</a></td><td>http://hl7.org/fhir/composition-status</td><td>Cancelled</td><td><div><p>The composition is unavailable because the measurement was not started or not completed (also sometimes called &quot;aborted&quot;).</p>\n</div></td></tr><tr><td style=\"white-space:nowrap\"><a name=\"x-http://hl7.org/fhir/composition-status-entered-in-error\"> </a>\u00a0\u00a0<a href=\"http://hl7.org/fhir/R5/codesystem-composition-status.html#composition-status-entered-in-error\">entered-in-error</a></td><td>http://hl7.org/fhir/composition-status</td><td>Entered in Error</td><td><div><p>The composition or document was originally created/issued in error, and this is an amendment that marks that the entire series should not be considered as valid.</p>\n</div></td></tr></table></div>"
      },
      "url" : "https://fhir.ee/hcert/ValueSet/ee-health-certificate-status",
      "version" : "1.0.0",
      "name" : "EEHealthCertificateStatusVS",
      "title" : "Tervisetõendi staatus",
      "status" : "active",
      "experimental" : false,
      "date" : "2025-05-12T11:46:38+00:00",
      "jurisdiction" : [{
        "coding" : [{
          "system" : "urn:iso:std:iso:3166",
          "code" : "EE",
          "display" : "Estonia"
        }]
      }],
      "expansion" : {
        "identifier" : "urn:uuid:66041e7d-9a82-4a6b-9106-bfa2052444a8",
        "timestamp" : "2025-05-12T11:48:03+00:00",
        "total" : 4,
        "offset" : 0,
        "parameter" : [{
          "name" : "displayLanguage",
          "valueCode" : "en-US"
        },
        {
          "name" : "count",
          "valueInteger" : 1000
        },
        {
          "name" : "offset",
          "valueInteger" : 0
        },
        {
          "name" : "excludeNested",
          "valueBoolean" : false
        },
        {
          "name" : "used-codesystem",
          "valueUri" : "http://hl7.org/fhir/composition-status|5.0.0"
        }],
        "contains" : [{
          "system" : "http://hl7.org/fhir/composition-status",
          "code" : "preliminary",
          "display" : "Preliminary"
        },
        {
          "system" : "http://hl7.org/fhir/composition-status",
          "code" : "final",
          "display" : "Final"
        },
        {
          "system" : "http://hl7.org/fhir/composition-status",
          "code" : "cancelled",
          "display" : "Cancelled"
        },
        {
          "system" : "http://hl7.org/fhir/composition-status",
          "code" : "entered-in-error",
          "display" : "Entered in Error"
        }]
      }
    }
  }]
}