{
  "resourceType" : "ValueSet",
  "id" : "ee-health-certificate-driver-category",
  "text" : {
    "status" : "generated",
    "div" : "<div xmlns=\"http://www.w3.org/1999/xhtml\"><p class=\"res-header-id\"><b>Generated Narrative: ValueSet ee-health-certificate-driver-category</b></p><a name=\"ee-health-certificate-driver-category\"> </a><a name=\"hcee-health-certificate-driver-category\"> </a><a name=\"ee-health-certificate-driver-category-en-US\"> </a><ul><li>Include these codes as defined in <code>https://fhir.ee/CodeSystem/tervisekontrolli-kasutusala</code><table class=\"none\"><tr><td style=\"white-space:nowrap\"><b>Code</b></td><td><b>Display</b></td></tr><tr><td>driver-group-I</td><td/></tr><tr><td>driver-group-II</td><td/></tr></table></li></ul></div>"
  },
  "url" : "https://fhir.ee/hcert/ValueSet/ee-health-certificate-driver-category",
  "version" : "1.0.0",
  "name" : "EEHealthCertificateDriverCategoryVS",
  "title" : "Mootosõidukijuhi tervisetõend kasutusala",
  "status" : "active",
  "experimental" : false,
  "date" : "2025-05-12T11:46:38+00:00",
  "publisher" : "TEHIK",
  "contact" : [{
    "name" : "TEHIK",
    "telecom" : [{
      "system" : "url",
      "value" : "https://tehik.ee"
    },
    {
      "system" : "email",
      "value" : "abi@tehik.ee"
    }]
  }],
  "description" : "Tervisetõend kasutusala mis on mõeldud kasutamiseks mootosõidukijuhi tervisetõendis",
  "jurisdiction" : [{
    "coding" : [{
      "system" : "urn:iso:std:iso:3166",
      "code" : "EE",
      "display" : "Estonia"
    }]
  }],
  "compose" : {
    "include" : [{
      "system" : "https://fhir.ee/CodeSystem/tervisekontrolli-kasutusala",
      "concept" : [{
        "code" : "driver-group-I"
      },
      {
        "code" : "driver-group-II"
      }]
    }]
  }
}