<?xml version="1.0" encoding="UTF-8"?>

<ValueSet xmlns="http://hl7.org/fhir">
  <id value="ee-health-certificate-status"/>
  <text>
    <status value="extensions"/><div xmlns="http://www.w3.org/1999/xhtml"><p class="res-header-id"><b>Generated Narrative: ValueSet ee-health-certificate-status</b></p><a name="ee-health-certificate-status"> </a><a name="hcee-health-certificate-status"> </a><a name="ee-health-certificate-status-en-US"> </a><ul><li>Include these codes as defined in <a href="http://hl7.org/fhir/R5/codesystem-composition-status.html"><code>http://hl7.org/fhir/composition-status</code></a><table class="none"><tr><td style="white-space:nowrap"><b>Code</b></td><td><b>Display</b></td><td><b>Definition</b></td><td><b>Estonian (Estonia) (et)</b></td></tr><tr><td><a href="http://hl7.org/fhir/R5/codesystem-composition-status.html#composition-status-preliminary">preliminary</a></td><td style="color: #cccccc">Preliminary</td><td>Verified early results are available, but not all results are final.</td><td>Mustand</td></tr><tr><td><a href="http://hl7.org/fhir/R5/codesystem-composition-status.html#composition-status-final">final</a></td><td style="color: #cccccc">Final</td><td>This version of the composition is complete and verified by an appropriate person and no further work is planned. Any subsequent updates would be on a new version of the composition.</td><td>Lõpetatud</td></tr><tr><td><a href="http://hl7.org/fhir/R5/codesystem-composition-status.html#composition-status-cancelled">cancelled</a></td><td style="color: #cccccc">Cancelled</td><td>The composition is unavailable because the measurement was not started or not completed (also sometimes called &quot;aborted&quot;).</td><td>Peatatud</td></tr><tr><td><a href="http://hl7.org/fhir/R5/codesystem-composition-status.html#composition-status-entered-in-error">entered-in-error</a></td><td style="color: #cccccc">Entered in Error</td><td>The composition or document was originally created/issued in error, and this is an amendment that marks that the entire series should not be considered as valid.</td><td>Tühistatud</td></tr></table></li></ul></div>
  </text>
  <url value="https://fhir.ee/hcert/ValueSet/ee-health-certificate-status"/>
  <version value="1.0.0"/>
  <name value="EEHealthCertificateStatusVS"/>
  <title value="Tervisetõendi staatus"/>
  <status value="active"/>
  <experimental value="false"/>
  <date value="2025-05-12T11:46:38+00:00"/>
  <publisher value="TEHIK"/>
  <contact>
    <name value="TEHIK"/>
    <telecom>
      <system value="url"/>
      <value value="https://tehik.ee"/>
    </telecom>
    <telecom>
      <system value="email"/>
      <value value="abi@tehik.ee"/>
    </telecom>
  </contact>
  <description value="Staatuste loend millega opereerib HCERT teenus"/>
  <jurisdiction>
    <coding>
      <system value="urn:iso:std:iso:3166"/>
      <code value="EE"/>
      <display value="Estonia"/>
    </coding>
  </jurisdiction>
  <compose>
    <include>
      <system value="http://hl7.org/fhir/composition-status"/>
      <concept>
        <code value="preliminary"/>
        <designation>
          <language value="et-EE"/>
          <value value="Mustand"/>
        </designation>
      </concept>
      <concept>
        <code value="final"/>
        <designation>
          <language value="et-EE"/>
          <value value="Lõpetatud"/>
        </designation>
      </concept>
      <concept>
        <code value="cancelled"/>
        <designation>
          <language value="et-EE"/>
          <value value="Peatatud"/>
        </designation>
      </concept>
      <concept>
        <code value="entered-in-error"/>
        <designation>
          <language value="et-EE"/>
          <value value="Tühistatud"/>
        </designation>
      </concept>
    </include>
  </compose>
</ValueSet>