{"resourceType":"ImplementationGuide","id":"ee.fhir.hcert","text":{"status":"generated","div":"<div xmlns=\"http://www.w3.org/1999/xhtml\"><p class=\"res-header-id\"><b>Generated Narrative: ImplementationGuide ee.fhir.hcert</b></p><a name=\"ee.fhir.hcert\"> </a><a name=\"hcee.fhir.hcert\"> </a><a name=\"ee.fhir.hcert-en-US\"> </a><h2>HCERT</h2><p>The official URL for this implementation guide is: </p><pre>https://fhir.ee/hcert/ImplementationGuide/ee.fhir.hcert</pre></div>"},"url":"https://fhir.ee/hcert/ImplementationGuide/ee.fhir.hcert","version":"1.0.0","name":"HCERT","title":"Tervisetõendi teenus (HCERT)","status":"active","date":"2025-03-27T10:59:22+00:00","publisher":"TEHIK","contact":[{"name":"TEHIK","telecom":[{"system":"url","value":"https://tehik.ee"},{"system":"email","value":"abi@tehik.ee"}]}],"jurisdiction":[{"coding":[{"system":"urn:iso:std:iso:3166","code":"EE","display":"Estonia"}]}],"packageId":"ee.fhir.hcert","license":"MIT","fhirVersion":["5.0.0"],"dependsOn":[{"id":"hl7tx","extension":[{"url":"http://hl7.org/fhir/tools/StructureDefinition/implementationguide-dependency-comment","valueMarkdown":"Automatically added as a dependency - all IGs depend on HL7 Terminology"}],"uri":"http://terminology.hl7.org/ImplementationGuide/hl7.terminology","packageId":"hl7.terminology.r5","version":"6.2.0"},{"id":"hl7ext","extension":[{"url":"http://hl7.org/fhir/tools/StructureDefinition/implementationguide-dependency-comment","valueMarkdown":"Automatically added as a dependency - all IGs depend on the HL7 Extension Pack"}],"uri":"http://hl7.org/fhir/extensions/ImplementationGuide/hl7.fhir.uv.extensions","packageId":"hl7.fhir.uv.extensions.r5","version":"5.2.0"},{"id":"ee_fhir_mpi","uri":"https://fhir.ee/mpi/ImplementationGuide/ee.fhir.mpi","packageId":"ee.fhir.mpi","version":"1.2.1"}],"definition":{"extension":[{"url":"http://hl7.org/fhir/tools/StructureDefinition/ig-internal-dependency","valueCode":"hl7.fhir.uv.tools.r5#0.4.1"}],"grouping":[{"id":"-dyn-operationdefinition","name":"Behavior: Operation Definitions","description":"These are custom operations that can be supported by and/or invoked by systems conforming to this implementation guide."},{"id":"-str-abstractprofile","name":"Structures: Abstract Profiles","description":"These are profiles on resources or data types that describe patterns used by other profiles, but cannot be instantiated directly.  I.e. instances can conform to profiles *based* on these abstract profiles, but do not declare conformance to the abstract profiles themselves."},{"id":"-str-profile","name":"Structures: Resource Profiles","description":"These define constraints on FHIR resources for systems conforming to this implementation guide."},{"id":"-term-valueset","name":"Terminology: Value Sets","description":"These define sets of codes used by systems conforming to this implementation guide."},{"id":"-ex-example","name":"Example: Example Instances","description":"These are example instances that show what data produced and consumed by systems conforming with this implementation guide might look like."}],"resource":[{"extension":[{"url":"http://hl7.org/fhir/tools/StructureDefinition/resource-sort","valueInteger":999999999},{"url":"http://hl7.org/fhir/StructureDefinition/implementationguide-page","valueUri":"OperationDefinition-ee-health-certificate-pdf.html"}],"reference":{"reference":"OperationDefinition/ee-health-certificate-pdf"},"name":"Tervisetõendi PDF genereerimine","description":"FHIR operatsioon PDF dokumendi generereerimiseks tervisetõend (Composition) ressursi põhjal","isExample":false,"groupingId":"-dyn-operationdefinition"},{"extension":[{"url":"http://hl7.org/fhir/tools/StructureDefinition/resource-sort","valueInteger":999999999},{"url":"http://hl7.org/fhir/StructureDefinition/implementationguide-page","valueUri":"OperationDefinition-ee-health-certificate-set-consent.html"}],"reference":{"reference":"OperationDefinition/ee-health-certificate-set-consent"},"name":"Tervisetõendi ligipääsude muutmine","description":"Tervisetõendi ligipääsude muutmine. Ühe operatsiooniga saab muuta ligipääsu kas arstile (doctor) ja/või esindajale (representative). Lubatud väärtused on 'closed' või 'open'.","isExample":false,"groupingId":"-dyn-operationdefinition"},{"extension":[{"url":"http://hl7.org/fhir/tools/StructureDefinition/resource-sort","valueInteger":999999999},{"url":"http://hl7.org/fhir/StructureDefinition/implementationguide-page","valueUri":"OperationDefinition-ee-health-certificate-get-consent.html"}],"reference":{"reference":"OperationDefinition/ee-health-certificate-get-consent"},"name":"Tervisetõendi ligipääsude päring","description":"Tervisetõendi ligipääsude päring","isExample":false,"groupingId":"-dyn-operationdefinition"},{"extension":[{"url":"http://hl7.org/fhir/tools/StructureDefinition/resource-sort","valueInteger":999999999},{"url":"http://hl7.org/fhir/StructureDefinition/implementationguide-page","valueUri":"OperationDefinition-ee-health-certificate-suspend.html"}],"reference":{"reference":"OperationDefinition/ee-health-certificate-suspend"},"name":"Tervisetõendi peatamine","description":"Tervisetõendi peatamise operatsioon","isExample":false,"groupingId":"-dyn-operationdefinition"},{"extension":[{"url":"http://hl7.org/fhir/tools/StructureDefinition/resource-sort","valueInteger":999999999},{"url":"http://hl7.org/fhir/StructureDefinition/implementationguide-page","valueUri":"OperationDefinition-ee-health-certificate-cancel.html"}],"reference":{"reference":"OperationDefinition/ee-health-certificate-cancel"},"name":"Tervisetõendi tühistamine","description":"Tervisetõendi tühistamise operatsioon","isExample":false,"groupingId":"-dyn-operationdefinition"},{"extension":[{"url":"http://hl7.org/fhir/tools/StructureDefinition/resource-sort","valueInteger":999999999},{"url":"http://hl7.org/fhir/StructureDefinition/implementationguide-page","valueUri":"StructureDefinition-ee-health-certificate-contained-observation.html"}],"reference":{"reference":"StructureDefinition/ee-health-certificate-contained-observation"},"name":"Health certificate contained Observation","description":"Observation profile with limited fields to use in Health certificate contained resources","isExample":false,"groupingId":"-str-abstractprofile"},{"extension":[{"url":"http://hl7.org/fhir/tools/StructureDefinition/resource-sort","valueInteger":999999999},{"url":"http://hl7.org/fhir/StructureDefinition/implementationguide-page","valueUri":"StructureDefinition-ee-health-certificate.html"}],"reference":{"reference":"StructureDefinition/ee-health-certificate"},"name":"Tervisetõend","description":"Tervisetõendi baasprofiil","isExample":false,"groupingId":"-str-abstractprofile"},{"extension":[{"url":"http://hl7.org/fhir/tools/StructureDefinition/resource-sort","valueInteger":999999999},{"url":"http://hl7.org/fhir/StructureDefinition/implementationguide-page","valueUri":"StructureDefinition-ee-health-certificate-medical-restriction.html"}],"reference":{"reference":"StructureDefinition/ee-health-certificate-medical-restriction"},"name":"Meditsiiniline piirang","description":"Observation ressurss mis kirjeldab meditsiinilisi piiranguid. Kasutatud contained ressurisina.","isExample":false,"groupingId":"-str-profile"},{"extension":[{"url":"http://hl7.org/fhir/tools/StructureDefinition/resource-sort","valueInteger":999999999},{"url":"http://hl7.org/fhir/StructureDefinition/implementationguide-page","valueUri":"StructureDefinition-ee-health-certificate-driver.html"}],"reference":{"reference":"StructureDefinition/ee-health-certificate-driver"},"name":"Mootosõidukijuhi tervisetõend","description":"Mootosõidukijuhi tervisetõend","isExample":false,"groupingId":"-str-profile"},{"extension":[{"url":"http://hl7.org/fhir/tools/StructureDefinition/resource-sort","valueInteger":999999999},{"url":"http://hl7.org/fhir/StructureDefinition/implementationguide-page","valueUri":"StructureDefinition-ee-health-certificate-work-additional-condition.html"}],"reference":{"reference":"StructureDefinition/ee-health-certificate-work-additional-condition"},"name":"Püsiva töövõime säilitamiseks vajalikud lisatingimused","description":"Observation ressurss mis kirjeldab püsiva töövõime säilitamiseks vajalikud lisatingimused. Kasutatud contained ressurisina.","isExample":false,"groupingId":"-str-profile"},{"extension":[{"url":"http://hl7.org/fhir/tools/StructureDefinition/resource-sort","valueInteger":999999999},{"url":"http://hl7.org/fhir/StructureDefinition/implementationguide-page","valueUri":"StructureDefinition-ee-health-certificate-decision.html"}],"reference":{"reference":"StructureDefinition/ee-health-certificate-decision"},"name":"Tervisetõendi otsus","description":"Observation ressurss mis kirjeldab tervisetõendi otsuse. Kasutatud contained ressurisina.","isExample":false,"groupingId":"-str-profile"},{"extension":[{"url":"http://hl7.org/fhir/tools/StructureDefinition/resource-sort","valueInteger":999999999},{"url":"http://hl7.org/fhir/StructureDefinition/implementationguide-page","valueUri":"StructureDefinition-ee-health-certificate-work-related-risk-factor.html"}],"reference":{"reference":"StructureDefinition/ee-health-certificate-work-related-risk-factor"},"name":"Tööst olenevad ohutegurid","description":"Observation ressurss mis kirjeldab tööst olenevad ohutegurid. Kasutatud contained ressurisina.","isExample":false,"groupingId":"-str-profile"},{"extension":[{"url":"http://hl7.org/fhir/tools/StructureDefinition/resource-sort","valueInteger":999999999},{"url":"http://hl7.org/fhir/StructureDefinition/implementationguide-page","valueUri":"StructureDefinition-ee-health-certificate-occupational.html"}],"reference":{"reference":"StructureDefinition/ee-health-certificate-occupational"},"name":"Töötervishoiu tervisetõend","description":"Töötervishoiu tervisetõendi baasprofiil","isExample":false,"groupingId":"-str-profile"},{"extension":[{"url":"http://hl7.org/fhir/tools/StructureDefinition/resource-sort","valueInteger":999999999},{"url":"http://hl7.org/fhir/StructureDefinition/implementationguide-page","valueUri":"StructureDefinition-ee-health-certificate-occupational-employer.html"}],"reference":{"reference":"StructureDefinition/ee-health-certificate-occupational-employer"},"name":"Töötervishoiu tervisetõend tööandjale","description":"Töötervishoiu tervisetõendi profiil tööandjale kuvamiseks","isExample":false,"groupingId":"-str-profile"},{"extension":[{"url":"http://hl7.org/fhir/tools/StructureDefinition/resource-sort","valueInteger":999999999},{"url":"http://hl7.org/fhir/StructureDefinition/implementationguide-page","valueUri":"ValueSet-ee-health-certificate-driver-category.html"}],"reference":{"reference":"ValueSet/ee-health-certificate-driver-category"},"name":"Mootosõidukijuhi tervisetõend kasutusala","description":"Tervisetõend kasutusala mis on mõeldud kasutamiseks mootosõidukijuhi tervisetõendis","isExample":false,"groupingId":"-term-valueset"},{"extension":[{"url":"http://hl7.org/fhir/tools/StructureDefinition/resource-sort","valueInteger":999999999},{"url":"http://hl7.org/fhir/StructureDefinition/implementationguide-page","valueUri":"ValueSet-ee-health-certificate-status.html"}],"reference":{"reference":"ValueSet/ee-health-certificate-status"},"name":"Tervisetõendi staatus","description":"Staatuste loend millega opereerib HCERT teenus","isExample":false,"groupingId":"-term-valueset"},{"extension":[{"url":"http://hl7.org/fhir/tools/StructureDefinition/resource-sort","valueInteger":999999999},{"url":"http://hl7.org/fhir/StructureDefinition/implementationguide-page","valueUri":"Practitioner-36109255737.html"}],"reference":{"reference":"Practitioner/36109255737"},"name":"Arst Paavo Lepzig","isExample":true,"groupingId":"-ex-example"},{"extension":[{"url":"http://hl7.org/fhir/tools/StructureDefinition/resource-sort","valueInteger":999999999},{"url":"http://hl7.org/fhir/StructureDefinition/implementationguide-page","valueUri":"Organization-90006399.html"}],"reference":{"reference":"Organization/90006399"},"name":"Asutus PÕHJA-EESTI REGIONAALHAIGLA","isExample":true,"groupingId":"-ex-example"},{"extension":[{"url":"http://hl7.org/fhir/tools/StructureDefinition/resource-sort","valueInteger":999999999},{"url":"http://hl7.org/fhir/StructureDefinition/implementationguide-page","valueUri":"Composition-500.html"}],"reference":{"reference":"Composition/500"},"name":"Mootorsõiduki juhtimise tervisetõend","isExample":true,"profile":["https://fhir.ee/hcert/StructureDefinition/ee-health-certificate-driver"],"groupingId":"-ex-example"},{"extension":[{"url":"http://hl7.org/fhir/tools/StructureDefinition/resource-sort","valueInteger":999999999},{"url":"http://hl7.org/fhir/StructureDefinition/implementationguide-page","valueUri":"Patient-200.html"}],"reference":{"reference":"Patient/200"},"name":"Patsient Taavi Kask","isExample":true,"groupingId":"-ex-example"},{"extension":[{"url":"http://hl7.org/fhir/tools/StructureDefinition/resource-sort","valueInteger":999999999},{"url":"http://hl7.org/fhir/StructureDefinition/implementationguide-page","valueUri":"PractitionerRole-100.html"}],"reference":{"reference":"PractitionerRole/100"},"name":"PractitionerRoleExample","isExample":true,"groupingId":"-ex-example"},{"extension":[{"url":"http://hl7.org/fhir/tools/StructureDefinition/resource-sort","valueInteger":999999999},{"url":"http://hl7.org/fhir/StructureDefinition/implementationguide-page","valueUri":"QuestionnaireResponse-300.html"}],"reference":{"reference":"QuestionnaireResponse/300"},"name":"Tervisedeklaratsioon","isExample":true,"groupingId":"-ex-example"},{"extension":[{"url":"http://hl7.org/fhir/tools/StructureDefinition/resource-sort","valueInteger":999999999},{"url":"http://hl7.org/fhir/StructureDefinition/implementationguide-page","valueUri":"Composition-1100.html"}],"reference":{"reference":"Composition/1100"},"name":"Töötervishoiu tervisetõend","isExample":true,"profile":["https://fhir.ee/hcert/StructureDefinition/ee-health-certificate-occupational"],"groupingId":"-ex-example"}],"page":{"sourceUrl":"toc.html","name":"toc.html","title":"Table of Contents","generation":"html","page":[{"sourceUrl":"index.html","name":"index.html","title":"Sissejuhatus","generation":"markdown"},{"sourceUrl":"download.html","name":"download.html","title":"Allalaadimised","generation":"markdown"},{"sourceUrl":"profiles.html","name":"profiles.html","title":"Profiilid","generation":"markdown"},{"sourceUrl":"artifacts.html","name":"artifacts.html","title":"Artifacts Summary","generation":"html","page":[{"sourceUrl":"OperationDefinition-ee-health-certificate-set-consent.html","name":"OperationDefinition-ee-health-certificate-set-consent.html","title":"Tervisetõendi ligipääsude muutmine","generation":"generated"},{"sourceUrl":"OperationDefinition-ee-health-certificate-get-consent.html","name":"OperationDefinition-ee-health-certificate-get-consent.html","title":"Tervisetõendi ligipääsude päring","generation":"generated"},{"sourceUrl":"OperationDefinition-ee-health-certificate-pdf.html","name":"OperationDefinition-ee-health-certificate-pdf.html","title":"Tervisetõendi PDF genereerimine","generation":"generated"},{"sourceUrl":"OperationDefinition-ee-health-certificate-suspend.html","name":"OperationDefinition-ee-health-certificate-suspend.html","title":"Tervisetõendi peatamine","generation":"generated"},{"sourceUrl":"OperationDefinition-ee-health-certificate-cancel.html","name":"OperationDefinition-ee-health-certificate-cancel.html","title":"Tervisetõendi tühistamine","generation":"generated"},{"sourceUrl":"StructureDefinition-ee-health-certificate-contained-observation.html","name":"StructureDefinition-ee-health-certificate-contained-observation.html","title":"Health certificate contained Observation","generation":"generated"},{"sourceUrl":"StructureDefinition-ee-health-certificate.html","name":"StructureDefinition-ee-health-certificate.html","title":"Tervisetõend","generation":"generated"},{"sourceUrl":"StructureDefinition-ee-health-certificate-medical-restriction.html","name":"StructureDefinition-ee-health-certificate-medical-restriction.html","title":"Meditsiiniline piirang","generation":"generated"},{"sourceUrl":"StructureDefinition-ee-health-certificate-driver.html","name":"StructureDefinition-ee-health-certificate-driver.html","title":"Mootosõidukijuhi tervisetõend","generation":"generated"},{"sourceUrl":"StructureDefinition-ee-health-certificate-work-additional-condition.html","name":"StructureDefinition-ee-health-certificate-work-additional-condition.html","title":"Püsiva töövõime säilitamiseks vajalikud lisatingimused","generation":"generated"},{"sourceUrl":"StructureDefinition-ee-health-certificate-decision.html","name":"StructureDefinition-ee-health-certificate-decision.html","title":"Tervisetõendi otsus","generation":"generated"},{"sourceUrl":"StructureDefinition-ee-health-certificate-work-related-risk-factor.html","name":"StructureDefinition-ee-health-certificate-work-related-risk-factor.html","title":"Tööst olenevad ohutegurid","generation":"generated"},{"sourceUrl":"StructureDefinition-ee-health-certificate-occupational.html","name":"StructureDefinition-ee-health-certificate-occupational.html","title":"Töötervishoiu tervisetõend","generation":"generated"},{"sourceUrl":"StructureDefinition-ee-health-certificate-occupational-employer.html","name":"StructureDefinition-ee-health-certificate-occupational-employer.html","title":"Töötervishoiu tervisetõend tööandjale","generation":"generated"},{"sourceUrl":"ValueSet-ee-health-certificate-driver-category.html","name":"ValueSet-ee-health-certificate-driver-category.html","title":"Mootosõidukijuhi tervisetõend kasutusala","generation":"generated"},{"sourceUrl":"ValueSet-ee-health-certificate-status.html","name":"ValueSet-ee-health-certificate-status.html","title":"Tervisetõendi staatus","generation":"generated"},{"sourceUrl":"Practitioner-36109255737.html","name":"Practitioner-36109255737.html","title":"Arst Paavo Lepzig","generation":"generated"},{"sourceUrl":"Organization-90006399.html","name":"Organization-90006399.html","title":"Asutus PÕHJA-EESTI REGIONAALHAIGLA","generation":"generated"},{"sourceUrl":"Composition-500.html","name":"Composition-500.html","title":"Mootorsõiduki juhtimise tervisetõend","generation":"generated"},{"sourceUrl":"Patient-200.html","name":"Patient-200.html","title":"Patsient Taavi Kask","generation":"generated"},{"sourceUrl":"PractitionerRole-100.html","name":"PractitionerRole-100.html","title":"PractitionerRoleExample","generation":"generated"},{"sourceUrl":"QuestionnaireResponse-300.html","name":"QuestionnaireResponse-300.html","title":"Tervisedeklaratsioon","generation":"generated"},{"sourceUrl":"Composition-1100.html","name":"Composition-1100.html","title":"Töötervishoiu tervisetõend","generation":"generated"}]}]},"parameter":[{"code":{"system":"http://hl7.org/fhir/tools/CodeSystem/ig-parameters","code":"copyrightyear"},"value":"2025+"},{"code":{"system":"http://hl7.org/fhir/tools/CodeSystem/ig-parameters","code":"releaselabel"},"value":"trial-use"},{"code":{"system":"http://hl7.org/fhir/tools/CodeSystem/ig-parameters","code":"autoload-resources"},"value":"true"},{"code":{"system":"http://hl7.org/fhir/guide-parameter-code","code":"path-resource"},"value":"input/capabilities"},{"code":{"system":"http://hl7.org/fhir/guide-parameter-code","code":"path-resource"},"value":"input/examples"},{"code":{"system":"http://hl7.org/fhir/guide-parameter-code","code":"path-resource"},"value":"input/extensions"},{"code":{"system":"http://hl7.org/fhir/guide-parameter-code","code":"path-resource"},"value":"input/models"},{"code":{"system":"http://hl7.org/fhir/guide-parameter-code","code":"path-resource"},"value":"input/operations"},{"code":{"system":"http://hl7.org/fhir/guide-parameter-code","code":"path-resource"},"value":"input/profiles"},{"code":{"system":"http://hl7.org/fhir/guide-parameter-code","code":"path-resource"},"value":"input/resources"},{"code":{"system":"http://hl7.org/fhir/guide-parameter-code","code":"path-resource"},"value":"input/vocabulary"},{"code":{"system":"http://hl7.org/fhir/guide-parameter-code","code":"path-resource"},"value":"input/maps"},{"code":{"system":"http://hl7.org/fhir/guide-parameter-code","code":"path-resource"},"value":"input/testing"},{"code":{"system":"http://hl7.org/fhir/guide-parameter-code","code":"path-resource"},"value":"input/history"},{"code":{"system":"http://hl7.org/fhir/guide-parameter-code","code":"path-resource"},"value":"fsh-generated/resources"},{"code":{"system":"http://hl7.org/fhir/guide-parameter-code","code":"path-pages"},"value":"template/config"},{"code":{"system":"http://hl7.org/fhir/guide-parameter-code","code":"path-pages"},"value":"input/images"},{"code":{"system":"http://hl7.org/fhir/tools/CodeSystem/ig-parameters","code":"path-liquid"},"value":"template/liquid"},{"code":{"system":"http://hl7.org/fhir/tools/CodeSystem/ig-parameters","code":"path-liquid"},"value":"input/liquid"},{"code":{"system":"http://hl7.org/fhir/tools/CodeSystem/ig-parameters","code":"path-qa"},"value":"temp/qa"},{"code":{"system":"http://hl7.org/fhir/tools/CodeSystem/ig-parameters","code":"path-temp"},"value":"temp/pages"},{"code":{"system":"http://hl7.org/fhir/tools/CodeSystem/ig-parameters","code":"path-output"},"value":"output"},{"code":{"system":"http://hl7.org/fhir/guide-parameter-code","code":"path-tx-cache"},"value":"input-cache/txcache"},{"code":{"system":"http://hl7.org/fhir/tools/CodeSystem/ig-parameters","code":"path-suppressed-warnings"},"value":"input/ignoreWarnings.txt"},{"code":{"system":"http://hl7.org/fhir/tools/CodeSystem/ig-parameters","code":"path-history"},"value":"https://fhir.ee/hcert/history.html"},{"code":{"system":"http://hl7.org/fhir/tools/CodeSystem/ig-parameters","code":"template-html"},"value":"template-page.html"},{"code":{"system":"http://hl7.org/fhir/tools/CodeSystem/ig-parameters","code":"template-md"},"value":"template-page-md.html"},{"code":{"system":"http://hl7.org/fhir/tools/CodeSystem/ig-parameters","code":"apply-contact"},"value":"true"},{"code":{"system":"http://hl7.org/fhir/tools/CodeSystem/ig-parameters","code":"apply-context"},"value":"true"},{"code":{"system":"http://hl7.org/fhir/tools/CodeSystem/ig-parameters","code":"apply-copyright"},"value":"true"},{"code":{"system":"http://hl7.org/fhir/tools/CodeSystem/ig-parameters","code":"apply-jurisdiction"},"value":"true"},{"code":{"system":"http://hl7.org/fhir/tools/CodeSystem/ig-parameters","code":"apply-license"},"value":"true"},{"code":{"system":"http://hl7.org/fhir/tools/CodeSystem/ig-parameters","code":"apply-publisher"},"value":"true"},{"code":{"system":"http://hl7.org/fhir/tools/CodeSystem/ig-parameters","code":"apply-version"},"value":"true"},{"code":{"system":"http://hl7.org/fhir/tools/CodeSystem/ig-parameters","code":"apply-wg"},"value":"true"},{"code":{"system":"http://hl7.org/fhir/tools/CodeSystem/ig-parameters","code":"active-tables"},"value":"true"},{"code":{"system":"http://hl7.org/fhir/tools/CodeSystem/ig-parameters","code":"fmm-definition"},"value":"http://hl7.org/fhir/versions.html#maturity"},{"code":{"system":"http://hl7.org/fhir/tools/CodeSystem/ig-parameters","code":"propagate-status"},"value":"true"},{"code":{"system":"http://hl7.org/fhir/tools/CodeSystem/ig-parameters","code":"excludelogbinaryformat"},"value":"true"},{"code":{"system":"http://hl7.org/fhir/tools/CodeSystem/ig-parameters","code":"tabbed-snapshots"},"value":"true"}]}}