<?xml version="1.0" encoding="UTF-8"?><ImplementationGuide xmlns="http://hl7.org/fhir"><id value="ee.fhir.hcert"/><text><status value="generated"/><div xmlns="http://www.w3.org/1999/xhtml"><p class="res-header-id"><b>Generated Narrative: ImplementationGuide ee.fhir.hcert</b></p><a name="ee.fhir.hcert"> </a><a name="hcee.fhir.hcert"> </a><h2>HCERT</h2><p>The official URL for this implementation guide is: </p><pre>https://fhir.ee/hcert/ImplementationGuide/ee.fhir.hcert</pre></div></text><url value="https://fhir.ee/hcert/ImplementationGuide/ee.fhir.hcert"/><version value="1.0.0"/><name value="HCERT"/><title value="Tervisetõendi teenus (HCERT)"/><status value="active"/><date value="2026-01-13T14:26:25+00:00"/><publisher value="TEHIK"/><contact><name value="TEHIK"/><telecom><system value="url"/><value value="https://tehik.ee"/></telecom><telecom><system value="email"/><value value="abi@tehik.ee"/></telecom></contact><jurisdiction><coding><system value="urn:iso:std:iso:3166"/><code value="EE"/><display value="Estonia"/></coding></jurisdiction><packageId value="ee.fhir.hcert"/><license value="MIT"/><fhirVersion value="5.0.0"/><dependsOn id="hl7tx"><extension url="http://hl7.org/fhir/tools/StructureDefinition/implementationguide-dependency-comment"><valueMarkdown value="Automatically added as a dependency - all IGs depend on HL7 Terminology"/></extension><uri value="http://terminology.hl7.org/ImplementationGuide/hl7.terminology"/><packageId value="hl7.terminology.r5"/><version value="7.0.1"/></dependsOn><dependsOn id="hl7ext"><extension url="http://hl7.org/fhir/tools/StructureDefinition/implementationguide-dependency-comment"><valueMarkdown value="Automatically added as a dependency - all IGs depend on the HL7 Extension Pack"/></extension><uri value="http://hl7.org/fhir/extensions/ImplementationGuide/hl7.fhir.uv.extensions"/><packageId value="hl7.fhir.uv.extensions.r5"/><version value="5.2.0"/></dependsOn><dependsOn id="ee_fhir_mpi"><uri value="https://fhir.ee/mpi/ImplementationGuide/ee.fhir.mpi"/><packageId value="ee.fhir.mpi"/><version value="1.5.0"/></dependsOn><definition><extension url="http://hl7.org/fhir/tools/StructureDefinition/ig-internal-dependency"><valueCode value="hl7.fhir.uv.tools.r5#0.9.0"/></extension><grouping id="ExternalExamples"><name value="Example: Example Instances from external systems"/><description value="Example resources that are referenced in this IG, but are from external systems."/></grouping><grouping id="-dyn-operationdefinition"><name value="Behavior: Operation Definitions"/><description value="These are custom operations that can be supported by and/or invoked by systems conforming to this implementation guide."/></grouping><grouping id="-str-abstractprofile"><name value="Structures: Abstract Profiles"/><description value="These are profiles on resources or data types that describe patterns used by other profiles, but cannot be instantiated directly.  I.e. instances can conform to profiles *based* on these abstract profiles but do not declare conformance to the abstract profiles themselves."/></grouping><grouping id="-str-profile"><name value="Structures: Resource Profiles"/><description value="These define constraints on FHIR resources for systems conforming to this implementation guide."/></grouping><grouping id="-term-valueset"><name value="Terminology: Value Sets"/><description value="These define sets of codes used by systems conforming to this implementation guide."/></grouping><grouping id="-ex-example"><name value="Example: Example Instances"/><description value="These are example instances that show what data produced and consumed by systems conforming with this implementation guide might look like."/></grouping><resource><extension url="http://hl7.org/fhir/tools/StructureDefinition/resource-sort"><valueInteger value="999999999"/></extension><extension url="http://hl7.org/fhir/StructureDefinition/implementationguide-page"><valueUri value="Practitioner-36109255737.html"/></extension><reference><reference value="Practitioner/36109255737"/></reference><name value="Arst Paavo Lepzig"/><description value="Arsti näidis"/><isExample value="true"/><groupingId value="ExternalExamples"/></resource><resource><extension url="http://hl7.org/fhir/tools/StructureDefinition/resource-sort"><valueInteger value="999999999"/></extension><extension url="http://hl7.org/fhir/StructureDefinition/implementationguide-page"><valueUri value="Organization-90006399.html"/></extension><reference><reference value="Organization/90006399"/></reference><name value="Asutus PÕHJA-EESTI REGIONAALHAIGLA"/><description value="Asutuse näidis"/><isExample value="true"/><groupingId value="ExternalExamples"/></resource><resource><extension url="http://hl7.org/fhir/tools/StructureDefinition/resource-sort"><valueInteger value="999999999"/></extension><extension url="http://hl7.org/fhir/StructureDefinition/implementationguide-page"><valueUri value="Patient-200.html"/></extension><reference><reference value="Patient/200"/></reference><name value="Patsient Taavi Kask"/><description value="MPI patsiendi näidis"/><isExample value="true"/><groupingId value="ExternalExamples"/></resource><resource><extension url="http://hl7.org/fhir/tools/StructureDefinition/resource-sort"><valueInteger value="999999999"/></extension><extension url="http://hl7.org/fhir/StructureDefinition/implementationguide-page"><valueUri value="PractitionerRole-100.html"/></extension><reference><reference value="PractitionerRole/100"/></reference><name value="PractitionerRoleExample"/><description value="PractitionerRole ressursi näidis"/><isExample value="true"/><groupingId value="ExternalExamples"/></resource><resource><extension url="http://hl7.org/fhir/tools/StructureDefinition/resource-sort"><valueInteger value="999999999"/></extension><extension url="http://hl7.org/fhir/StructureDefinition/implementationguide-page"><valueUri value="QuestionnaireResponse-300.html"/></extension><reference><reference value="QuestionnaireResponse/300"/></reference><name value="Tervisedeklaratsioon"/><description value="Tervisedeklaratsiooni näidis (mõeldud ainult viitamiseks)"/><isExample value="true"/><groupingId value="ExternalExamples"/></resource><resource><extension url="http://hl7.org/fhir/tools/StructureDefinition/resource-sort"><valueInteger value="999999999"/></extension><extension url="http://hl7.org/fhir/StructureDefinition/implementationguide-page"><valueUri value="OperationDefinition-ee-health-certificate-pdf.html"/></extension><reference><reference value="OperationDefinition/ee-health-certificate-pdf"/></reference><name value="Tervisetõendi PDF genereerimine"/><description value="FHIR operatsioon PDF dokumendi generereerimiseks tervisetõend (Composition) ressursi põhjal"/><isExample value="false"/><groupingId value="-dyn-operationdefinition"/></resource><resource><extension url="http://hl7.org/fhir/tools/StructureDefinition/resource-sort"><valueInteger value="999999999"/></extension><extension url="http://hl7.org/fhir/StructureDefinition/implementationguide-page"><valueUri value="OperationDefinition-ee-health-certificate-set-consent.html"/></extension><reference><reference value="OperationDefinition/ee-health-certificate-set-consent"/></reference><name value="Tervisetõendi ligipääsude muutmine"/><description value="Tervisetõendi ligipääsude muutmine. Ühe operatsiooniga saab muuta ligipääsu kas arstile (doctor) ja/või esindajale (representative). Lubatud väärtused on 'closed' või 'open'."/><isExample value="false"/><groupingId value="-dyn-operationdefinition"/></resource><resource><extension url="http://hl7.org/fhir/tools/StructureDefinition/resource-sort"><valueInteger value="999999999"/></extension><extension url="http://hl7.org/fhir/StructureDefinition/implementationguide-page"><valueUri value="OperationDefinition-ee-health-certificate-get-consent.html"/></extension><reference><reference value="OperationDefinition/ee-health-certificate-get-consent"/></reference><name value="Tervisetõendi ligipääsude päring"/><description value="Tervisetõendi ligipääsude päring"/><isExample value="false"/><groupingId value="-dyn-operationdefinition"/></resource><resource><extension url="http://hl7.org/fhir/tools/StructureDefinition/resource-sort"><valueInteger value="999999999"/></extension><extension url="http://hl7.org/fhir/StructureDefinition/implementationguide-page"><valueUri value="OperationDefinition-ee-health-certificate-suspend.html"/></extension><reference><reference value="OperationDefinition/ee-health-certificate-suspend"/></reference><name value="Tervisetõendi peatamine"/><description value="Tervisetõendi peatamise operatsioon"/><isExample value="false"/><groupingId value="-dyn-operationdefinition"/></resource><resource><extension url="http://hl7.org/fhir/tools/StructureDefinition/resource-sort"><valueInteger value="999999999"/></extension><extension url="http://hl7.org/fhir/StructureDefinition/implementationguide-page"><valueUri value="OperationDefinition-ee-health-certificate-cancel.html"/></extension><reference><reference value="OperationDefinition/ee-health-certificate-cancel"/></reference><name value="Tervisetõendi tühistamine"/><description value="Tervisetõendi tühistamise operatsioon"/><isExample value="false"/><groupingId value="-dyn-operationdefinition"/></resource><resource><extension url="http://hl7.org/fhir/tools/StructureDefinition/resource-sort"><valueInteger value="999999999"/></extension><extension url="http://hl7.org/fhir/StructureDefinition/implementationguide-page"><valueUri value="StructureDefinition-ee-health-certificate.html"/></extension><reference><reference value="StructureDefinition/ee-health-certificate"/></reference><name value="Tervisetõend"/><description value="Tervisetõendi baasprofiil"/><isExample value="false"/><groupingId value="-str-abstractprofile"/></resource><resource><extension url="http://hl7.org/fhir/tools/StructureDefinition/resource-sort"><valueInteger value="999999999"/></extension><extension url="http://hl7.org/fhir/StructureDefinition/implementationguide-page"><valueUri value="StructureDefinition-ee-health-certificate-contained-observation.html"/></extension><reference><reference value="StructureDefinition/ee-health-certificate-contained-observation"/></reference><name value="Tervisetõendi contained Observation"/><description value="Abstraaktne profiil Tervisetõendi contained Observation ressurside kirjeldamiseks"/><isExample value="false"/><groupingId value="-str-abstractprofile"/></resource><resource><extension url="http://hl7.org/fhir/tools/StructureDefinition/resource-sort"><valueInteger value="999999999"/></extension><extension url="http://hl7.org/fhir/StructureDefinition/implementationguide-page"><valueUri value="StructureDefinition-ee-health-certificate-driver.html"/></extension><reference><reference value="StructureDefinition/ee-health-certificate-driver"/></reference><name value="Mootosõidukijuhi tervisetõend"/><description value="Mootosõidukijuhi tervisetõend"/><isExample value="false"/><groupingId value="-str-profile"/></resource><resource><extension url="http://hl7.org/fhir/tools/StructureDefinition/resource-sort"><valueInteger value="999999999"/></extension><extension url="http://hl7.org/fhir/StructureDefinition/implementationguide-page"><valueUri value="StructureDefinition-ee-health-certificate-work-additional-condition.html"/></extension><reference><reference value="StructureDefinition/ee-health-certificate-work-additional-condition"/></reference><name value="Püsiva töövõime säilitamiseks vajalikud lisatingimused"/><description value="Observation ressurss mis kirjeldab püsiva töövõime säilitamiseks vajalikud lisatingimused. Kasutatud contained ressurisina"/><isExample value="false"/><groupingId value="-str-profile"/></resource><resource><extension url="http://hl7.org/fhir/tools/StructureDefinition/resource-sort"><valueInteger value="999999999"/></extension><extension url="http://hl7.org/fhir/StructureDefinition/implementationguide-page"><valueUri value="StructureDefinition-ee-health-certificate-medical-restriction.html"/></extension><reference><reference value="StructureDefinition/ee-health-certificate-medical-restriction"/></reference><name value="Tervisetõendi meditsiiniline piirang"/><description value="Observation ressurss mis kirjeldab meditsiinilisi piiranguid koos täpsustusega. Kasutatud contained ressurisina"/><isExample value="false"/><groupingId value="-str-profile"/></resource><resource><extension url="http://hl7.org/fhir/tools/StructureDefinition/resource-sort"><valueInteger value="999999999"/></extension><extension url="http://hl7.org/fhir/StructureDefinition/implementationguide-page"><valueUri value="StructureDefinition-ee-health-certificate-decision.html"/></extension><reference><reference value="StructureDefinition/ee-health-certificate-decision"/></reference><name value="Tervisetõendi otsus"/><description value="Observation ressurss mis kirjeldab tervisetõendi otsuse. Kasutatud contained ressurisina"/><isExample value="false"/><groupingId value="-str-profile"/></resource><resource><extension url="http://hl7.org/fhir/tools/StructureDefinition/resource-sort"><valueInteger value="999999999"/></extension><extension url="http://hl7.org/fhir/StructureDefinition/implementationguide-page"><valueUri value="StructureDefinition-ee-health-certificate-work-related-risk-factor.html"/></extension><reference><reference value="StructureDefinition/ee-health-certificate-work-related-risk-factor"/></reference><name value="Töölaadi ja töökeskkonnaga seotud ohutegurid"/><description value="Observation ressurss mis kirjeldab tööst olenevad ohutegurid. Kasutatud contained ressurisina."/><isExample value="false"/><groupingId value="-str-profile"/></resource><resource><extension url="http://hl7.org/fhir/tools/StructureDefinition/resource-sort"><valueInteger value="999999999"/></extension><extension url="http://hl7.org/fhir/StructureDefinition/implementationguide-page"><valueUri value="StructureDefinition-ee-health-certificate-occupational.html"/></extension><reference><reference value="StructureDefinition/ee-health-certificate-occupational"/></reference><name value="Töötervishoiu tervisetõend"/><description value="Töötervishoiu tervisetõendi baasprofiil"/><isExample value="false"/><groupingId value="-str-profile"/></resource><resource><extension url="http://hl7.org/fhir/tools/StructureDefinition/resource-sort"><valueInteger value="999999999"/></extension><extension url="http://hl7.org/fhir/StructureDefinition/implementationguide-page"><valueUri value="StructureDefinition-ee-health-certificate-occupational-employer.html"/></extension><reference><reference value="StructureDefinition/ee-health-certificate-occupational-employer"/></reference><name value="Töötervishoiu tervisetõend tööandjale"/><description value="Töötervishoiu tervisetõendi profiil tööandjale kuvamiseks"/><isExample value="false"/><groupingId value="-str-profile"/></resource><resource><extension url="http://hl7.org/fhir/tools/StructureDefinition/resource-sort"><valueInteger value="999999999"/></extension><extension url="http://hl7.org/fhir/StructureDefinition/implementationguide-page"><valueUri value="StructureDefinition-ee-health-certificate-occupational-employment.html"/></extension><reference><reference value="StructureDefinition/ee-health-certificate-occupational-employment"/></reference><name value="Töötervishoiu tervisetõendi patsiendi töötamine"/><description value="Töötervishoiu tervisetõendi profiil patsiendi töötamise kirjeldamiseks. Kasutatud contained ressurisina"/><isExample value="false"/><groupingId value="-str-profile"/></resource><resource><extension url="http://hl7.org/fhir/tools/StructureDefinition/resource-sort"><valueInteger value="999999999"/></extension><extension url="http://hl7.org/fhir/StructureDefinition/implementationguide-page"><valueUri value="ValueSet-ee-health-certificate-driver-category.html"/></extension><reference><reference value="ValueSet/ee-health-certificate-driver-category"/></reference><name value="Mootosõidukijuhi tervisetõend kasutusala"/><description value="Tervisetõendi kasutusala mis on mõeldud kasutamiseks mootosõidukijuhi tervisetõendis"/><isExample value="false"/><groupingId value="-term-valueset"/></resource><resource><extension url="http://hl7.org/fhir/tools/StructureDefinition/resource-sort"><valueInteger value="999999999"/></extension><extension url="http://hl7.org/fhir/StructureDefinition/implementationguide-page"><valueUri value="Composition-500.html"/></extension><reference><reference value="Composition/500"/></reference><name value="Mootorsõiduki juhtimise tervisetõend"/><description value="Mustand olekus mootorsõiduki juhtimise tervisetõend, osaliselt täidetud ressursi näidis"/><isExample value="true"/><profile value="https://fhir.ee/hcert/StructureDefinition/ee-health-certificate-driver"/><groupingId value="-ex-example"/></resource><resource><extension url="http://hl7.org/fhir/tools/StructureDefinition/resource-sort"><valueInteger value="999999999"/></extension><extension url="http://hl7.org/fhir/StructureDefinition/implementationguide-page"><valueUri value="Composition-1100.html"/></extension><reference><reference value="Composition/1100"/></reference><name value="Töötervishoiu tervisetõend"/><description value="Mustand olekus töötervishoiu tervisetõend, osaliselt täidetud ressursi näidis"/><isExample value="true"/><profile value="https://fhir.ee/hcert/StructureDefinition/ee-health-certificate-occupational"/><groupingId value="-ex-example"/></resource><page><sourceUrl value="toc.html"/><name value="toc.html"/><title value="Table of Contents"/><generation value="html"/><page><sourceUrl value="index.html"/><name value="index.html"/><title value="Sissejuhatus"/><generation value="markdown"/></page><page><sourceUrl value="dev.html"/><name value="dev.html"/><title value="Juhend arendajale"/><generation value="markdown"/></page><page><sourceUrl value="api.html"/><name value="api.html"/><title value="API kirjeldus"/><generation value="markdown"/></page><page><sourceUrl value="permissions.html"/><name value="permissions.html"/><title value="Õigused API otspunktidele"/><generation value="markdown"/></page><page><sourceUrl value="download.html"/><name value="download.html"/><title value="Allalaadimised"/><generation value="markdown"/></page><page><sourceUrl value="profiles.html"/><name value="profiles.html"/><title value="Profiilid"/><generation value="markdown"/></page><page><sourceUrl value="artifacts.html"/><name value="artifacts.html"/><title value="Artifacts Summary"/><generation value="html"/><page><sourceUrl value="Practitioner-36109255737.html"/><name value="Practitioner-36109255737.html"/><title value="Arst Paavo Lepzig"/><generation value="generated"/></page><page><sourceUrl value="Organization-90006399.html"/><name value="Organization-90006399.html"/><title value="Asutus PÕHJA-EESTI REGIONAALHAIGLA"/><generation value="generated"/></page><page><sourceUrl value="Patient-200.html"/><name value="Patient-200.html"/><title value="Patsient Taavi Kask"/><generation value="generated"/></page><page><sourceUrl value="PractitionerRole-100.html"/><name value="PractitionerRole-100.html"/><title value="PractitionerRoleExample"/><generation value="generated"/></page><page><sourceUrl value="QuestionnaireResponse-300.html"/><name value="QuestionnaireResponse-300.html"/><title value="Tervisedeklaratsioon"/><generation value="generated"/></page><page><sourceUrl value="OperationDefinition-ee-health-certificate-set-consent.html"/><name value="OperationDefinition-ee-health-certificate-set-consent.html"/><title value="Tervisetõendi ligipääsude muutmine"/><generation value="generated"/></page><page><sourceUrl value="OperationDefinition-ee-health-certificate-get-consent.html"/><name value="OperationDefinition-ee-health-certificate-get-consent.html"/><title value="Tervisetõendi ligipääsude päring"/><generation value="generated"/></page><page><sourceUrl value="OperationDefinition-ee-health-certificate-pdf.html"/><name value="OperationDefinition-ee-health-certificate-pdf.html"/><title value="Tervisetõendi PDF genereerimine"/><generation value="generated"/></page><page><sourceUrl value="OperationDefinition-ee-health-certificate-suspend.html"/><name value="OperationDefinition-ee-health-certificate-suspend.html"/><title value="Tervisetõendi peatamine"/><generation value="generated"/></page><page><sourceUrl value="OperationDefinition-ee-health-certificate-cancel.html"/><name value="OperationDefinition-ee-health-certificate-cancel.html"/><title value="Tervisetõendi tühistamine"/><generation value="generated"/></page><page><sourceUrl value="StructureDefinition-ee-health-certificate.html"/><name value="StructureDefinition-ee-health-certificate.html"/><title value="Tervisetõend"/><generation value="generated"/></page><page><sourceUrl value="StructureDefinition-ee-health-certificate-contained-observation.html"/><name value="StructureDefinition-ee-health-certificate-contained-observation.html"/><title value="Tervisetõendi contained Observation"/><generation value="generated"/></page><page><sourceUrl value="StructureDefinition-ee-health-certificate-driver.html"/><name value="StructureDefinition-ee-health-certificate-driver.html"/><title value="Mootosõidukijuhi tervisetõend"/><generation value="generated"/></page><page><sourceUrl value="StructureDefinition-ee-health-certificate-work-additional-condition.html"/><name value="StructureDefinition-ee-health-certificate-work-additional-condition.html"/><title value="Püsiva töövõime säilitamiseks vajalikud lisatingimused"/><generation value="generated"/></page><page><sourceUrl value="StructureDefinition-ee-health-certificate-medical-restriction.html"/><name value="StructureDefinition-ee-health-certificate-medical-restriction.html"/><title value="Tervisetõendi meditsiiniline piirang"/><generation value="generated"/></page><page><sourceUrl value="StructureDefinition-ee-health-certificate-decision.html"/><name value="StructureDefinition-ee-health-certificate-decision.html"/><title value="Tervisetõendi otsus"/><generation value="generated"/></page><page><sourceUrl value="StructureDefinition-ee-health-certificate-work-related-risk-factor.html"/><name value="StructureDefinition-ee-health-certificate-work-related-risk-factor.html"/><title value="Töölaadi ja töökeskkonnaga seotud ohutegurid"/><generation value="generated"/></page><page><sourceUrl value="StructureDefinition-ee-health-certificate-occupational.html"/><name value="StructureDefinition-ee-health-certificate-occupational.html"/><title value="Töötervishoiu tervisetõend"/><generation value="generated"/></page><page><sourceUrl value="StructureDefinition-ee-health-certificate-occupational-employer.html"/><name value="StructureDefinition-ee-health-certificate-occupational-employer.html"/><title value="Töötervishoiu tervisetõend tööandjale"/><generation value="generated"/></page><page><sourceUrl value="StructureDefinition-ee-health-certificate-occupational-employment.html"/><name value="StructureDefinition-ee-health-certificate-occupational-employment.html"/><title value="Töötervishoiu tervisetõendi patsiendi töötamine"/><generation value="generated"/></page><page><sourceUrl value="ValueSet-ee-health-certificate-driver-category.html"/><name value="ValueSet-ee-health-certificate-driver-category.html"/><title value="Mootosõidukijuhi tervisetõend kasutusala"/><generation value="generated"/></page><page><sourceUrl value="Composition-500.html"/><name value="Composition-500.html"/><title value="Mootorsõiduki juhtimise tervisetõend"/><generation value="generated"/></page><page><sourceUrl value="Composition-1100.html"/><name value="Composition-1100.html"/><title value="Töötervishoiu tervisetõend"/><generation value="generated"/></page></page></page><parameter><code><system value="http://hl7.org/fhir/tools/CodeSystem/ig-parameters"/><code value="copyrightyear"/></code><value value="2025+"/></parameter><parameter><code><system value="http://hl7.org/fhir/tools/CodeSystem/ig-parameters"/><code value="releaselabel"/></code><value value="trial-use"/></parameter><parameter><code><system value="http://hl7.org/fhir/tools/CodeSystem/ig-parameters"/><code value="excludettl"/></code><value value="true"/></parameter><parameter><code><system value="http://hl7.org/fhir/tools/CodeSystem/ig-parameters"/><code value="autoload-resources"/></code><value value="true"/></parameter><parameter><code><system value="http://hl7.org/fhir/guide-parameter-code"/><code value="path-resource"/></code><value value="input/capabilities"/></parameter><parameter><code><system value="http://hl7.org/fhir/guide-parameter-code"/><code value="path-resource"/></code><value value="input/examples"/></parameter><parameter><code><system value="http://hl7.org/fhir/guide-parameter-code"/><code value="path-resource"/></code><value value="input/extensions"/></parameter><parameter><code><system value="http://hl7.org/fhir/guide-parameter-code"/><code value="path-resource"/></code><value value="input/models"/></parameter><parameter><code><system value="http://hl7.org/fhir/guide-parameter-code"/><code value="path-resource"/></code><value value="input/operations"/></parameter><parameter><code><system value="http://hl7.org/fhir/guide-parameter-code"/><code value="path-resource"/></code><value value="input/profiles"/></parameter><parameter><code><system value="http://hl7.org/fhir/guide-parameter-code"/><code value="path-resource"/></code><value value="input/resources"/></parameter><parameter><code><system value="http://hl7.org/fhir/guide-parameter-code"/><code value="path-resource"/></code><value value="input/vocabulary"/></parameter><parameter><code><system value="http://hl7.org/fhir/guide-parameter-code"/><code value="path-resource"/></code><value value="input/maps"/></parameter><parameter><code><system value="http://hl7.org/fhir/guide-parameter-code"/><code value="path-resource"/></code><value value="input/testing"/></parameter><parameter><code><system value="http://hl7.org/fhir/guide-parameter-code"/><code value="path-resource"/></code><value value="input/history"/></parameter><parameter><code><system value="http://hl7.org/fhir/guide-parameter-code"/><code value="path-resource"/></code><value value="fsh-generated/resources"/></parameter><parameter><code><system value="http://hl7.org/fhir/guide-parameter-code"/><code value="path-pages"/></code><value value="template/config"/></parameter><parameter><code><system value="http://hl7.org/fhir/guide-parameter-code"/><code value="path-pages"/></code><value value="input/images"/></parameter><parameter><code><system value="http://hl7.org/fhir/tools/CodeSystem/ig-parameters"/><code value="path-liquid"/></code><value value="template/liquid"/></parameter><parameter><code><system value="http://hl7.org/fhir/tools/CodeSystem/ig-parameters"/><code value="path-liquid"/></code><value value="input/liquid"/></parameter><parameter><code><system value="http://hl7.org/fhir/tools/CodeSystem/ig-parameters"/><code value="path-qa"/></code><value value="temp/qa"/></parameter><parameter><code><system value="http://hl7.org/fhir/tools/CodeSystem/ig-parameters"/><code value="path-temp"/></code><value value="temp/pages"/></parameter><parameter><code><system value="http://hl7.org/fhir/tools/CodeSystem/ig-parameters"/><code value="path-output"/></code><value value="output"/></parameter><parameter><code><system value="http://hl7.org/fhir/guide-parameter-code"/><code value="path-tx-cache"/></code><value value="input-cache/txcache"/></parameter><parameter><code><system value="http://hl7.org/fhir/tools/CodeSystem/ig-parameters"/><code value="path-suppressed-warnings"/></code><value value="input/ignoreWarnings.txt"/></parameter><parameter><code><system value="http://hl7.org/fhir/tools/CodeSystem/ig-parameters"/><code value="path-history"/></code><value value="https://fhir.ee/hcert/history.html"/></parameter><parameter><code><system value="http://hl7.org/fhir/tools/CodeSystem/ig-parameters"/><code value="template-html"/></code><value value="template-page.html"/></parameter><parameter><code><system value="http://hl7.org/fhir/tools/CodeSystem/ig-parameters"/><code value="template-md"/></code><value value="template-page-md.html"/></parameter><parameter><code><system value="http://hl7.org/fhir/tools/CodeSystem/ig-parameters"/><code value="apply-contact"/></code><value value="true"/></parameter><parameter><code><system value="http://hl7.org/fhir/tools/CodeSystem/ig-parameters"/><code value="apply-context"/></code><value value="true"/></parameter><parameter><code><system value="http://hl7.org/fhir/tools/CodeSystem/ig-parameters"/><code value="apply-copyright"/></code><value value="true"/></parameter><parameter><code><system value="http://hl7.org/fhir/tools/CodeSystem/ig-parameters"/><code value="apply-jurisdiction"/></code><value value="true"/></parameter><parameter><code><system value="http://hl7.org/fhir/tools/CodeSystem/ig-parameters"/><code value="apply-license"/></code><value value="true"/></parameter><parameter><code><system value="http://hl7.org/fhir/tools/CodeSystem/ig-parameters"/><code value="apply-publisher"/></code><value value="true"/></parameter><parameter><code><system value="http://hl7.org/fhir/tools/CodeSystem/ig-parameters"/><code value="apply-version"/></code><value value="true"/></parameter><parameter><code><system value="http://hl7.org/fhir/tools/CodeSystem/ig-parameters"/><code value="apply-wg"/></code><value value="true"/></parameter><parameter><code><system value="http://hl7.org/fhir/tools/CodeSystem/ig-parameters"/><code value="active-tables"/></code><value value="true"/></parameter><parameter><code><system value="http://hl7.org/fhir/tools/CodeSystem/ig-parameters"/><code value="fmm-definition"/></code><value value="http://hl7.org/fhir/versions.html#maturity"/></parameter><parameter><code><system value="http://hl7.org/fhir/tools/CodeSystem/ig-parameters"/><code value="propagate-status"/></code><value value="true"/></parameter><parameter><code><system value="http://hl7.org/fhir/tools/CodeSystem/ig-parameters"/><code value="excludelogbinaryformat"/></code><value value="true"/></parameter><parameter><code><system value="http://hl7.org/fhir/tools/CodeSystem/ig-parameters"/><code value="tabbed-snapshots"/></code><value value="true"/></parameter></definition></ImplementationGuide>