[
  {
    "id" : "ee.fhir.hcert",
    "type" : "ImplementationGuide",
    "url" : "https://fhir.ee/hcert/ImplementationGuide/ee.fhir.hcert",
    "version" : "1.0.0",
    "name" : "HCERT"
  },
  {
    "id" : "ee-health-certificate-cancel",
    "type" : "OperationDefinition",
    "url" : "https://fhir.ee/hcert/OperationDefinition/ee-health-certificate-cancel",
    "version" : "1.0.0",
    "name" : "EEHealthCertificateCancel"
  },
  {
    "id" : "ee-health-certificate-get-consent",
    "type" : "OperationDefinition",
    "url" : "https://fhir.ee/hcert/OperationDefinition/ee-health-certificate-get-consent",
    "version" : "1.0.0",
    "name" : "EEHealthCertificateGetConsent"
  },
  {
    "id" : "ee-health-certificate-pdf",
    "type" : "OperationDefinition",
    "url" : "https://fhir.ee/hcert/OperationDefinition/ee-health-certificate-pdf",
    "version" : "1.0.0",
    "name" : "EEHealthCertificatePdf"
  },
  {
    "id" : "ee-health-certificate-set-consent",
    "type" : "OperationDefinition",
    "url" : "https://fhir.ee/hcert/OperationDefinition/ee-health-certificate-set-consent",
    "version" : "1.0.0",
    "name" : "EEHealthCertificateSetConsent"
  },
  {
    "id" : "ee-health-certificate-suspend",
    "type" : "OperationDefinition",
    "url" : "https://fhir.ee/hcert/OperationDefinition/ee-health-certificate-suspend",
    "version" : "1.0.0",
    "name" : "EEHealthCertificateSuspend"
  },
  {
    "id" : "ee-health-certificate",
    "type" : "StructureDefinition",
    "url" : "https://fhir.ee/hcert/StructureDefinition/ee-health-certificate",
    "version" : "1.0.0",
    "name" : "EEHealthCertificate"
  },
  {
    "id" : "ee-health-certificate-contained-observation",
    "type" : "StructureDefinition",
    "url" : "https://fhir.ee/hcert/StructureDefinition/ee-health-certificate-contained-observation",
    "version" : "1.0.0",
    "name" : "EEHealthCertificateContainedObservation"
  },
  {
    "id" : "ee-health-certificate-decision",
    "type" : "StructureDefinition",
    "url" : "https://fhir.ee/hcert/StructureDefinition/ee-health-certificate-decision",
    "version" : "1.0.0",
    "name" : "EEHealthCertificateDecision"
  },
  {
    "id" : "ee-health-certificate-driver",
    "type" : "StructureDefinition",
    "url" : "https://fhir.ee/hcert/StructureDefinition/ee-health-certificate-driver",
    "version" : "1.0.0",
    "name" : "EEHealthCertificateDriver"
  },
  {
    "id" : "ee-health-certificate-medical-restriction",
    "type" : "StructureDefinition",
    "url" : "https://fhir.ee/hcert/StructureDefinition/ee-health-certificate-medical-restriction",
    "version" : "1.0.0",
    "name" : "EEHealthCertificateMedicalRestriction"
  },
  {
    "id" : "ee-health-certificate-occupational",
    "type" : "StructureDefinition",
    "url" : "https://fhir.ee/hcert/StructureDefinition/ee-health-certificate-occupational",
    "version" : "1.0.0",
    "name" : "EEHealthCertificateOccupational"
  },
  {
    "id" : "ee-health-certificate-occupational-employer",
    "type" : "StructureDefinition",
    "url" : "https://fhir.ee/hcert/StructureDefinition/ee-health-certificate-occupational-employer",
    "version" : "1.0.0",
    "name" : "EEHealthCertificateOccupationalEmployer"
  },
  {
    "id" : "ee-health-certificate-work-additional-condition",
    "type" : "StructureDefinition",
    "url" : "https://fhir.ee/hcert/StructureDefinition/ee-health-certificate-work-additional-condition",
    "version" : "1.0.0",
    "name" : "EEHealthCertificateWorkAdditionalCondition"
  },
  {
    "id" : "ee-health-certificate-work-related-risk-factor",
    "type" : "StructureDefinition",
    "url" : "https://fhir.ee/hcert/StructureDefinition/ee-health-certificate-work-related-risk-factor",
    "version" : "1.0.0",
    "name" : "EEHealthCertificateWorkRelatedRiskFactor"
  },
  {
    "id" : "ee-health-certificate-driver-category",
    "type" : "ValueSet",
    "url" : "https://fhir.ee/hcert/ValueSet/ee-health-certificate-driver-category",
    "version" : "1.0.0",
    "name" : "EEHealthCertificateDriverCategoryVS"
  },
  {
    "id" : "ee-health-certificate-status",
    "type" : "ValueSet",
    "url" : "https://fhir.ee/hcert/ValueSet/ee-health-certificate-status",
    "version" : "1.0.0",
    "name" : "EEHealthCertificateStatusVS"
  }
]
