<?xml version="1.0" encoding="UTF-8"?>

<Patient xmlns="http://hl7.org/fhir">
  <id value="200"/>
  <meta>
    <profile value="https://fhir.ee/mpi/StructureDefinition/ee-mpi-patient-verified"/>
  </meta>
  <text>
    <status value="generated"/><div xmlns="http://www.w3.org/1999/xhtml"><p class="res-header-id"><b>Generated Narrative: Patient 200</b></p><a name="200"> </a><a name="hc200"> </a><a name="200-en-US"> </a><div style="display: inline-block; background-color: #d9e0e7; padding: 6px; margin: 4px; border: 1px solid #8da1b4; border-radius: 5px; line-height: 60%"><p style="margin-bottom: 0px"/><p style="margin-bottom: 0px">Profile: <a href="https://fhir.ee/packages/mpi/1.2.1/site/StructureDefinition-ee-mpi-patient-verified.html">EE MPI Patient Verified</a></p></div><p style="border: 1px #661aff solid; background-color: #e6e6ff; padding: 10px;">Taavi Kask (official) Male, DoB Unknown ( https://fhir.ee/sid/pid/est/ni#Estonian Personal National Identification Code#39406240016)</p><hr/><table class="grid"><tr><td style="background-color: #f3f5da" title="Record is active">Active:</td><td colspan="3">true</td></tr></table></div>
  </text>
  <identifier>
    <system value="https://fhir.ee/sid/pid/est/ni"/>
    <value value="39406240016"/>
  </identifier>
  <active value="true"/>
  <name>
    <use value="official"/>
    <family value="Kask"/>
    <given value="Taavi"/>
  </name>
  <gender value="male"/>
</Patient>