{
  "package": "ee.fhir.hcert",
  "version": "1.0.0",
  "fhirVersion": "5.0.0",
  "jurisdiction": "EE",
  "extensions": [],
  "profiles": {
    "Composition": [
      {
        "url": "https://fhir.ee/hcert/StructureDefinition/ee-health-certificate-occupational",
        "title": "Töötervishoiu tervisetõend"
      },
      {
        "url": "https://fhir.ee/hcert/StructureDefinition/ee-health-certificate-occupational-employer",
        "title": "Töötervishoiu tervisetõend tööandjale"
      }
    ],
    "Observation": [
      {
        "url": "https://fhir.ee/hcert/StructureDefinition/ee-health-certificate-work-additional-condition",
        "title": "Püsiva töövõime säilitamiseks vajalikud lisatingimused"
      },
      {
        "url": "https://fhir.ee/hcert/StructureDefinition/ee-health-certificate-work-related-risk-factor",
        "title": "Tööst olenevad ohutegurid"
      }
    ]
  },
  "usage": {
    "http://hl7.org/fhir/StructureDefinition/elementdefinition-bestpractice": [
      "StructureDefinition.snapshot.element.constraint"
    ],
    "http://hl7.org/fhir/StructureDefinition/elementdefinition-bestpractice-explanation": [
      "StructureDefinition.snapshot.element.constraint"
    ],
    "http://hl7.org/fhir/StructureDefinition/elementdefinition-bindingName": [
      "StructureDefinition.snapshot.element.binding"
    ],
    "http://hl7.org/fhir/StructureDefinition/elementdefinition-translatable": [
      "StructureDefinition.snapshot.element"
    ],
    "http://hl7.org/fhir/StructureDefinition/structuredefinition-display-hint": [
      "StructureDefinition.snapshot.element"
    ],
    "http://hl7.org/fhir/StructureDefinition/structuredefinition-fhir-type": [
      "StructureDefinition.snapshot.element.type"
    ],
    "http://hl7.org/fhir/tools/StructureDefinition/ig-internal-dependency": [
      "ImplementationGuide.definition"
    ],
    "http://hl7.org/fhir/tools/StructureDefinition/implementationguide-dependency-comment": [
      "ImplementationGuide.dependsOn"
    ],
    "http://hl7.org/fhir/tools/StructureDefinition/resource-information": [
      "ImplementationGuide.definition.resource"
    ],
    "http://hl7.org/fhir/tools/StructureDefinition/snapshot-base-version": [
      "StructureDefinition.snapshot"
    ]
  }
}