<?xml version="1.0" encoding="UTF-8"?><ValueSet xmlns="http://hl7.org/fhir"><id value="ee-health-certificate-driver-category"/><text><status value="generated"/><div xmlns="http://www.w3.org/1999/xhtml"><p class="res-header-id"><b>Generated Narrative: ValueSet ee-health-certificate-driver-category</b></p><a name="ee-health-certificate-driver-category"> </a><a name="hcee-health-certificate-driver-category"> </a><a name="ee-health-certificate-driver-category-en-US"> </a><ul><li>Include these codes as defined in <code>https://fhir.ee/CodeSystem/tervisekontrolli-kasutusala</code><table class="none"><tr><td style="white-space:nowrap"><b>Code</b></td><td><b>Display</b></td></tr><tr><td>driver-group-I</td><td/></tr><tr><td>driver-group-II</td><td/></tr></table></li></ul></div></text><url value="https://fhir.ee/hcert/ValueSet/ee-health-certificate-driver-category"/><version value="1.0.0"/><name value="EEHealthCertificateDriverCategoryVS"/><title value="Mootosõidukijuhi tervisetõend kasutusala"/><status value="active"/><experimental value="false"/><date value="2025-05-23T09:20:57+00:00"/><publisher value="TEHIK"/><contact><name value="TEHIK"/><telecom><system value="url"/><value value="https://tehik.ee"/></telecom><telecom><system value="email"/><value value="abi@tehik.ee"/></telecom></contact><description value="Tervisetõend kasutusala mis on mõeldud kasutamiseks mootosõidukijuhi tervisetõendis"/><jurisdiction><coding><system value="urn:iso:std:iso:3166"/><code value="EE"/><display value="Estonia"/></coding></jurisdiction><compose><include><system value="https://fhir.ee/CodeSystem/tervisekontrolli-kasutusala"/><concept><code value="driver-group-I"/></concept><concept><code value="driver-group-II"/></concept></include></compose></ValueSet>